{"units":[{"id":1,"code":"COMP1750","title":"Introduction to Business Information Systems","offering":["S1"]},{"id":2,"code":"COMP2110","title":"Web Technology","offering":["S1","S2"]},{"id":3,"code":"COMP2750","title":"Applications Modelling and Development","offering":["S1"]},{"id":4,"code":"MMCC2045","title":"Interactive Web Design","offering":["S2"]},{"id":5,"code":"COMP3120","title":"Advanced Web Development","offering":["S2"]},{"code":"bobalooba","title":"bob","offering":[],"id":6},{"code":"asdf","title":"asdf","offering":["S2"],"id":7},{"code":"asdf","title":"wrwer234234","offering":[],"id":8}],"users":[{"id":0,"username":"contrary","name":"Mary Contrary","password":"$2b$10$cEztJ.ZeVc1niZBhTu9vhOTawg5o/4N8JGpz9Aiairg1qTN5XB4gi"},{"id":1,"username":"bobalooba","name":"Bob Bobalooba","password":"$2b$10$hWje2GoSXlXT1MA4pssDtO/6EYCzZlZyiUje6br/7w0lRppbFlmxK"}]}